,APE,year,month
0,-6744222.034550127,1950.0,1.0
1,-6826313.989347385,1950.0,2.0
2,-6807695.507950095,1950.0,3.0
3,-6827804.964365287,1950.0,4.0
4,-6778325.778455747,1950.0,5.0
5,-6845416.179988361,1950.0,6.0
6,-6899285.860447705,1950.0,7.0
7,-6914257.244600244,1950.0,8.0
8,-6923937.541033676,1950.0,9.0
9,-7033358.670618078,1950.0,10.0
10,-6992101.492978217,1950.0,11.0
11,-6806252.242486204,1950.0,12.0
12,-6763025.617952051,1951.0,1.0
13,-6787524.045126219,1951.0,2.0
14,-6856733.040343048,1951.0,3.0
15,-6894586.994044339,1951.0,4.0
16,-6884305.335591941,1951.0,5.0
17,-6886731.891680025,1951.0,6.0
18,-6931456.089230046,1951.0,7.0
19,-6970318.844985892,1951.0,8.0
20,-6958814.990653081,1951.0,9.0
21,-6992824.667520886,1951.0,10.0
22,-6939389.690239099,1951.0,11.0
23,-6788835.804588578,1951.0,12.0
24,-6811073.177354175,1952.0,1.0
25,-6877039.79033364,1952.0,2.0
26,-6905736.585215564,1952.0,3.0
27,-6938093.846988572,1952.0,4.0
28,-6934298.612282404,1952.0,5.0
29,-6889978.067690866,1952.0,6.0
30,-6927392.547350303,1952.0,7.0
31,-6962682.063229594,1952.0,8.0
32,-6924447.390019942,1952.0,9.0
33,-7009686.855004273,1952.0,10.0
34,-6931400.960576765,1952.0,11.0
35,-6813300.228954635,1952.0,12.0
36,-6833423.157962056,1953.0,1.0
37,-6867290.641196286,1953.0,2.0
38,-6858414.11257099,1953.0,3.0
39,-6925899.44484627,1953.0,4.0
40,-6862309.000558649,1953.0,5.0
41,-6859268.657460828,1953.0,6.0
42,-6943433.484249374,1953.0,7.0
43,-6923456.376441583,1953.0,8.0
44,-6933314.105439517,1953.0,9.0
45,-6997073.083609228,1953.0,10.0
46,-6920133.096346368,1953.0,11.0
47,-6753669.717235141,1953.0,12.0
48,-6746724.118582741,1954.0,1.0
49,-6764044.469776048,1954.0,2.0
50,-6822912.976034347,1954.0,3.0
51,-6876823.235055228,1954.0,4.0
52,-6819091.751899655,1954.0,5.0
53,-6822167.602846261,1954.0,6.0
54,-6906090.9562613955,1954.0,7.0
55,-6912515.155526484,1954.0,8.0
56,-6902242.073174001,1954.0,9.0
57,-6925139.731821939,1954.0,10.0
58,-6949103.637608289,1954.0,11.0
59,-6788265.390174587,1954.0,12.0
60,-6727820.218578604,1955.0,1.0
61,-6821747.261035473,1955.0,2.0
62,-6834287.3222000515,1955.0,3.0
63,-6875047.383293179,1955.0,4.0
64,-6859746.357412884,1955.0,5.0
65,-6914731.2630793825,1955.0,6.0
66,-6955359.83918821,1955.0,7.0
67,-6978759.397899496,1955.0,8.0
68,-7016689.081968754,1955.0,9.0
69,-6997714.124798647,1955.0,10.0
70,-7022902.1717835115,1955.0,11.0
71,-6871979.6003594715,1955.0,12.0
72,-6749038.116570029,1956.0,1.0
73,-6837548.406879091,1956.0,2.0
74,-6871741.811014627,1956.0,3.0
75,-6957117.127945128,1956.0,4.0
76,-6887606.727021569,1956.0,5.0
77,-6840423.831886356,1956.0,6.0
78,-6948682.992165218,1956.0,7.0
79,-6936448.539928357,1956.0,8.0
80,-6925894.885401193,1956.0,9.0
81,-6983435.896770315,1956.0,10.0
82,-6946372.7296204455,1956.0,11.0
83,-6859580.079890735,1956.0,12.0
84,-6873510.122896531,1957.0,1.0
85,-6977179.239815706,1957.0,2.0
86,-7003328.426047719,1957.0,3.0
87,-7000823.116891012,1957.0,4.0
88,-6959670.0024506645,1957.0,5.0
89,-6922513.878702556,1957.0,6.0
90,-6972259.170415693,1957.0,7.0
91,-7011156.748962541,1957.0,8.0
92,-7014086.9598495895,1957.0,9.0
93,-7125539.645729449,1957.0,10.0
94,-7028695.494489003,1957.0,11.0
95,-7025202.372756143,1957.0,12.0
96,-7028029.753067162,1958.0,1.0
97,-7119726.197105461,1958.0,2.0
98,-7044947.460340701,1958.0,3.0
99,-7064693.579893428,1958.0,4.0
100,-7014809.126655683,1958.0,5.0
101,-6968206.675303428,1958.0,6.0
102,-6976698.929883675,1958.0,7.0
103,-6927969.160262721,1958.0,8.0
104,-6957649.118750902,1958.0,9.0
105,-7022065.192698433,1958.0,10.0
106,-7064859.631527807,1958.0,11.0
107,-6932075.688086002,1958.0,12.0
108,-6871302.996303058,1959.0,1.0
109,-6955455.111864973,1959.0,2.0
110,-6968760.01375223,1959.0,3.0
111,-6992040.313901461,1959.0,4.0
112,-6956973.176734338,1959.0,5.0
113,-6936100.018415139,1959.0,6.0
114,-7010171.495654961,1959.0,7.0
115,-7008573.582542039,1959.0,8.0
116,-7029977.016155052,1959.0,9.0
117,-7113334.447341635,1959.0,10.0
118,-6928492.14500388,1959.0,11.0
119,-6809837.559089205,1959.0,12.0
120,-6795787.086016123,1960.0,1.0
121,-6805304.238532566,1960.0,2.0
122,-6935845.175275714,1960.0,3.0
123,-6952749.296417969,1960.0,4.0
124,-6852973.02055326,1960.0,5.0
125,-6938697.017348163,1960.0,6.0
126,-6918316.052090477,1960.0,7.0
127,-6976166.737816211,1960.0,8.0
128,-6964848.849055373,1960.0,9.0
129,-6990864.073165623,1960.0,10.0
130,-6997220.736817447,1960.0,11.0
131,-6915353.1651136335,1960.0,12.0
132,-6996579.090220023,1961.0,1.0
133,-7055606.412072523,1961.0,2.0
134,-7112331.585064686,1961.0,3.0
135,-7207299.178435605,1961.0,4.0
136,-7145474.649313456,1961.0,5.0
137,-7112714.6314897975,1961.0,6.0
138,-7167019.19989998,1961.0,7.0
139,-7141778.064539911,1961.0,8.0
140,-7079695.13070223,1961.0,9.0
141,-7087295.543271535,1961.0,10.0
142,-7006846.804641585,1961.0,11.0
143,-6815074.3982505845,1961.0,12.0
144,-6887785.141708997,1962.0,1.0
145,-6935627.701596559,1962.0,2.0
146,-7033292.1510113,1962.0,3.0
147,-7042575.113344657,1962.0,4.0
148,-7108543.937212855,1962.0,5.0
149,-7046231.712845995,1962.0,6.0
150,-7022786.441624418,1962.0,7.0
151,-7011745.355081165,1962.0,8.0
152,-7046760.068895393,1962.0,9.0
153,-7068252.343224741,1962.0,10.0
154,-6984765.870425257,1962.0,11.0
155,-6824162.267185011,1962.0,12.0
156,-6962023.3643467715,1963.0,1.0
157,-7018363.337777125,1963.0,2.0
158,-6985596.297043951,1963.0,3.0
159,-6975517.097509196,1963.0,4.0
160,-7000965.304424818,1963.0,5.0
161,-6954809.314973065,1963.0,6.0
162,-7048434.920686435,1963.0,7.0
163,-7079199.76512943,1963.0,8.0
164,-7001000.458881015,1963.0,9.0
165,-7111165.1373452665,1963.0,10.0
166,-6981106.773715573,1963.0,11.0
167,-6773388.238587733,1963.0,12.0
168,-6768601.109222463,1964.0,1.0
169,-6783305.743199732,1964.0,2.0
170,-6863065.886732815,1964.0,3.0
171,-6877243.62374478,1964.0,4.0
172,-6850550.0150038535,1964.0,5.0
173,-6864009.453749536,1964.0,6.0
174,-6988978.325655888,1964.0,7.0
175,-6969280.048590001,1964.0,8.0
176,-6985515.821647468,1964.0,9.0
177,-7017097.602035621,1964.0,10.0
178,-7021744.2561821835,1964.0,11.0
179,-6843277.160227967,1964.0,12.0
180,-6892192.650760324,1965.0,1.0
181,-7004555.504346122,1965.0,2.0
182,-6985613.322779982,1965.0,3.0
183,-7049177.252218644,1965.0,4.0
184,-6983293.208389926,1965.0,5.0
185,-6955484.565120959,1965.0,6.0
186,-6939120.254943479,1965.0,7.0
187,-6963555.843290417,1965.0,8.0
188,-6997296.031335587,1965.0,9.0
189,-7027418.59702949,1965.0,10.0
190,-6945376.499500329,1965.0,11.0
191,-6752718.020025345,1965.0,12.0
192,-6740382.122975792,1966.0,1.0
193,-6846493.556494408,1966.0,2.0
194,-6973130.736057454,1966.0,3.0
195,-7001492.448041015,1966.0,4.0
196,-6988753.824931591,1966.0,5.0
197,-6943847.04234325,1966.0,6.0
198,-6962146.217249027,1966.0,7.0
199,-6953082.378351395,1966.0,8.0
200,-6985616.886440876,1966.0,9.0
201,-7049997.675845132,1966.0,10.0
202,-7017805.003278963,1966.0,11.0
203,-6816120.251580688,1966.0,12.0
204,-6739318.460255158,1967.0,1.0
205,-6862533.255779549,1967.0,2.0
206,-6945343.8474479,1967.0,3.0
207,-6946899.18095524,1967.0,4.0
208,-6917848.534731332,1967.0,5.0
209,-6944188.798836893,1967.0,6.0
210,-7007886.670390815,1967.0,7.0
211,-6938483.88370564,1967.0,8.0
212,-7011493.596043268,1967.0,9.0
213,-7010133.840141281,1967.0,10.0
214,-6954538.272298443,1967.0,11.0
215,-6843832.917521847,1967.0,12.0
216,-7014460.646467558,1968.0,1.0
217,-6941466.976259461,1968.0,2.0
218,-6869050.005458469,1968.0,3.0
219,-6868499.956056912,1968.0,4.0
220,-6815535.802491922,1968.0,5.0
221,-6815560.346277767,1968.0,6.0
222,-6892600.1674225,1968.0,7.0
223,-6885136.122678598,1968.0,8.0
224,-7011365.606422016,1968.0,9.0
225,-7064592.0567236785,1968.0,10.0
226,-7049706.245966335,1968.0,11.0
227,-7139808.548967741,1968.0,12.0
228,-7097841.397555622,1969.0,1.0
229,-7212463.038174447,1969.0,2.0
230,-7128317.633223557,1969.0,3.0
231,-7123434.79789861,1969.0,4.0
232,-7050648.082385822,1969.0,5.0
233,-7020726.709802429,1969.0,6.0
234,-7100482.309229639,1969.0,7.0
235,-7084580.041334769,1969.0,8.0
236,-7052083.969202292,1969.0,9.0
237,-7116083.785848173,1969.0,10.0
238,-7013768.282918203,1969.0,11.0
239,-6807491.179739355,1969.0,12.0
240,-6948346.799597053,1970.0,1.0
241,-6991043.052787862,1970.0,2.0
242,-7078720.602643775,1970.0,3.0
243,-7076886.864535825,1970.0,4.0
244,-7034252.388548363,1970.0,5.0
245,-7009486.499640052,1970.0,6.0
246,-7027377.376757433,1970.0,7.0
247,-7002914.351896774,1970.0,8.0
248,-6954408.131515863,1970.0,9.0
249,-7066972.749581775,1970.0,10.0
250,-7018296.326746202,1970.0,11.0
251,-6856994.699793682,1970.0,12.0
252,-6944117.167955424,1971.0,1.0
253,-6975091.637747811,1971.0,2.0
254,-6947772.366965535,1971.0,3.0
255,-6995778.4384294655,1971.0,4.0
256,-6963492.633028138,1971.0,5.0
257,-6935386.178805884,1971.0,6.0
258,-6950017.767390551,1971.0,7.0
259,-6967687.7333260495,1971.0,8.0
260,-6948004.050458705,1971.0,9.0
261,-6989381.610677016,1971.0,10.0
262,-6900838.101692845,1971.0,11.0
263,-6724972.752934827,1971.0,12.0
264,-6696603.36210702,1972.0,1.0
265,-6701613.554373312,1972.0,2.0
266,-6825169.620980669,1972.0,3.0
267,-6830709.355772169,1972.0,4.0
268,-6834088.88821709,1972.0,5.0
269,-6842574.28796045,1972.0,6.0
270,-6952466.625546187,1972.0,7.0
271,-6928960.804465047,1972.0,8.0
272,-7033646.365289016,1972.0,9.0
273,-7035659.678067708,1972.0,10.0
274,-6986405.884910725,1972.0,11.0
275,-6886348.735635417,1972.0,12.0
276,-6987901.976303883,1973.0,1.0
277,-6937854.47133472,1973.0,2.0
278,-7027797.0512183625,1973.0,3.0
279,-7062335.388205833,1973.0,4.0
280,-6984007.616774361,1973.0,5.0
281,-6886576.009478941,1973.0,6.0
282,-6942052.748445185,1973.0,7.0
283,-6976856.682736684,1973.0,8.0
284,-6967699.953812852,1973.0,9.0
285,-7051155.381642233,1973.0,10.0
286,-7003058.556175711,1973.0,11.0
287,-6884369.705435343,1973.0,12.0
288,-6898419.6339478,1974.0,1.0
289,-6881706.073588501,1974.0,2.0
290,-6851138.798860243,1974.0,3.0
291,-6778399.272718715,1974.0,4.0
292,-6847878.840278312,1974.0,5.0
293,-6838553.14587975,1974.0,6.0
294,-6904656.554485108,1974.0,7.0
295,-6938321.181010604,1974.0,8.0
296,-6930102.352538531,1974.0,9.0
297,-7062736.325075023,1974.0,10.0
298,-7013302.015902848,1974.0,11.0
299,-7026052.240947063,1974.0,12.0
300,-6986744.425663531,1975.0,1.0
301,-6980480.654875875,1975.0,2.0
302,-6982293.749066535,1975.0,3.0
303,-6990172.700223258,1975.0,4.0
304,-6980979.337018676,1975.0,5.0
305,-7007705.943276111,1975.0,6.0
306,-7005469.053559576,1975.0,7.0
307,-7019742.641817661,1975.0,8.0
308,-6965151.490688315,1975.0,9.0
309,-7007524.425914239,1975.0,10.0
310,-6967621.591406827,1975.0,11.0
311,-6814673.241574617,1975.0,12.0
312,-6921602.383374283,1976.0,1.0
313,-6782651.514734888,1976.0,2.0
314,-6903654.986862538,1976.0,3.0
315,-6848029.094037901,1976.0,4.0
316,-6814951.505098571,1976.0,5.0
317,-6803140.333748948,1976.0,6.0
318,-6884725.241599651,1976.0,7.0
319,-6880738.673132199,1976.0,8.0
320,-6903112.960856682,1976.0,9.0
321,-7010967.981613298,1976.0,10.0
322,-7000492.94703374,1976.0,11.0
323,-6892700.209801552,1976.0,12.0
324,-6714246.209671303,1977.0,1.0
325,-6896388.575743548,1977.0,2.0
326,-6938262.256517346,1977.0,3.0
327,-6927436.974480672,1977.0,4.0
328,-6854901.488610081,1977.0,5.0
329,-6741006.950993179,1977.0,6.0
330,-6842263.841929996,1977.0,7.0
331,-6863812.341828534,1977.0,8.0
332,-6910601.534173316,1977.0,9.0
333,-6979275.214456239,1977.0,10.0
334,-6975915.371314824,1977.0,11.0
335,-6941067.054998389,1977.0,12.0
336,-6980801.046237778,1978.0,1.0
337,-7113221.558825079,1978.0,2.0
338,-7064143.030386238,1978.0,3.0
339,-7050805.092889109,1978.0,4.0
340,-6991162.272122167,1978.0,5.0
341,-7057206.260870336,1978.0,6.0
342,-7101238.440037455,1978.0,7.0
343,-7110591.1865021605,1978.0,8.0
344,-7061741.68424634,1978.0,9.0
345,-7063941.331087688,1978.0,10.0
346,-6971994.908704413,1978.0,11.0
347,-6741255.168816651,1978.0,12.0
348,-6723966.939941371,1979.0,1.0
349,-6824656.855019047,1979.0,2.0
350,-6850874.497155927,1979.0,3.0
351,-6902097.892534843,1979.0,4.0
352,-6849345.109931932,1979.0,5.0
353,-6888337.633883454,1979.0,6.0
354,-6944384.918606703,1979.0,7.0
355,-6992179.215454519,1979.0,8.0
356,-7004884.425785402,1979.0,9.0
357,-7074350.581223145,1979.0,10.0
358,-7098900.967004379,1979.0,11.0
359,-6809243.014659432,1979.0,12.0
360,-6808109.381225823,1980.0,1.0
361,-6825055.104320002,1980.0,2.0
362,-6958149.147377566,1980.0,3.0
363,-6889362.137807151,1980.0,4.0
364,-6831423.6497672405,1980.0,5.0
365,-6903050.328567364,1980.0,6.0
366,-6910313.3088794155,1980.0,7.0
367,-6923380.290455934,1980.0,8.0
368,-6965096.854479178,1980.0,9.0
369,-6964035.796723627,1980.0,10.0
370,-6973093.602963418,1980.0,11.0
371,-6996704.896968107,1980.0,12.0
372,-7163949.457502313,1981.0,1.0
373,-7189467.544331469,1981.0,2.0
374,-7202677.2435002215,1981.0,3.0
375,-7201165.762037818,1981.0,4.0
376,-7108884.650939044,1981.0,5.0
377,-7067033.409647487,1981.0,6.0
378,-7076101.982003018,1981.0,7.0
379,-7134929.134507953,1981.0,8.0
380,-7101375.048979085,1981.0,9.0
381,-7015093.651576207,1981.0,10.0
382,-6999510.025579943,1981.0,11.0
383,-6844061.508419892,1981.0,12.0
384,-6944233.876572972,1982.0,1.0
385,-6931756.018231492,1982.0,2.0
386,-6853753.934704418,1982.0,3.0
387,-6853980.4541415265,1982.0,4.0
388,-6907655.865548096,1982.0,5.0
389,-6935482.311467704,1982.0,6.0
390,-7005209.824782107,1982.0,7.0
391,-6898827.463897622,1982.0,8.0
392,-6942215.421331568,1982.0,9.0
393,-6985330.722982155,1982.0,10.0
394,-6925444.398634015,1982.0,11.0
395,-6836018.07791307,1982.0,12.0
396,-6970786.18914699,1983.0,1.0
397,-6986072.65523523,1983.0,2.0
398,-7087059.488220355,1983.0,3.0
399,-7119726.174502629,1983.0,4.0
400,-7054424.855015592,1983.0,5.0
401,-7008901.627628273,1983.0,6.0
402,-7082304.826115946,1983.0,7.0
403,-7153464.020283347,1983.0,8.0
404,-7171279.940584699,1983.0,9.0
405,-7146176.507028989,1983.0,10.0
406,-7064368.90394114,1983.0,11.0
407,-6804047.494155803,1983.0,12.0
408,-6976254.019929134,1984.0,1.0
409,-6892473.694054305,1984.0,2.0
410,-6969636.051928249,1984.0,3.0
411,-6924131.680935161,1984.0,4.0
412,-6839846.598932805,1984.0,5.0
413,-6947784.5702922605,1984.0,6.0
414,-7058803.874197236,1984.0,7.0
415,-7047338.026731149,1984.0,8.0
416,-6996722.095585555,1984.0,9.0
417,-7095937.149195512,1984.0,10.0
418,-7085819.20161332,1984.0,11.0
419,-6908828.961888232,1984.0,12.0
420,-6972683.58427037,1985.0,1.0
421,-6996743.263224797,1985.0,2.0
422,-6895449.229871597,1985.0,3.0
423,-6910967.328191579,1985.0,4.0
424,-6865749.911462012,1985.0,5.0
425,-6874023.156809732,1985.0,6.0
426,-6917110.449962336,1985.0,7.0
427,-6962135.724234768,1985.0,8.0
428,-6972612.468739326,1985.0,9.0
429,-7035624.122907847,1985.0,10.0
430,-7027595.043341642,1985.0,11.0
431,-6937850.701615934,1985.0,12.0
432,-6991566.837982618,1986.0,1.0
433,-6959358.866380792,1986.0,2.0
434,-7080393.759405716,1986.0,3.0
435,-7120946.676848174,1986.0,4.0
436,-7067150.082952847,1986.0,5.0
437,-7073777.970838855,1986.0,6.0
438,-7054732.588675066,1986.0,7.0
439,-7118135.961924393,1986.0,8.0
440,-7113667.644667147,1986.0,9.0
441,-7136819.708208052,1986.0,10.0
442,-7140847.153921519,1986.0,11.0
443,-6981615.403083599,1986.0,12.0
444,-7020941.821298937,1987.0,1.0
445,-7181783.552511789,1987.0,2.0
446,-7093299.647330658,1987.0,3.0
447,-7042543.785758242,1987.0,4.0
448,-7020444.177035558,1987.0,5.0
449,-6976385.309136343,1987.0,6.0
450,-6980783.930294187,1987.0,7.0
451,-7025325.30812686,1987.0,8.0
452,-6988637.929216392,1987.0,9.0
453,-7074661.422738426,1987.0,10.0
454,-6930192.143476781,1987.0,11.0
455,-6775364.468114679,1987.0,12.0
456,-6792245.384803332,1988.0,1.0
457,-6861890.259135716,1988.0,2.0
458,-6827484.879780008,1988.0,3.0
459,-6815594.026253837,1988.0,4.0
460,-6798869.687132558,1988.0,5.0
461,-6768869.189337253,1988.0,6.0
462,-6908498.5821539415,1988.0,7.0
463,-6917747.206382265,1988.0,8.0
464,-6943334.841120859,1988.0,9.0
465,-6924945.530935817,1988.0,10.0
466,-6902225.936315485,1988.0,11.0
467,-6776513.082723936,1988.0,12.0
468,-6815583.852994246,1989.0,1.0
469,-6812809.708831929,1989.0,2.0
470,-6867482.512806364,1989.0,3.0
471,-6906163.844939734,1989.0,4.0
472,-6845275.062641473,1989.0,5.0
473,-6788386.8501082705,1989.0,6.0
474,-6805661.113122549,1989.0,7.0
475,-6812676.38532618,1989.0,8.0
476,-6898070.485936217,1989.0,9.0
477,-6886207.509201919,1989.0,10.0
478,-6893382.516469351,1989.0,11.0
479,-6663158.676786289,1989.0,12.0
480,-6722822.163703869,1990.0,1.0
481,-6779921.880201904,1990.0,2.0
482,-6865508.2571494505,1990.0,3.0
483,-6820807.305305587,1990.0,4.0
484,-6767630.354926921,1990.0,5.0
485,-6775671.375661698,1990.0,6.0
486,-6839978.031992445,1990.0,7.0
487,-6804537.150143614,1990.0,8.0
488,-6787045.437120092,1990.0,9.0
489,-6792521.143538248,1990.0,10.0
490,-6729471.911156977,1990.0,11.0
491,-6660208.513697321,1990.0,12.0
492,-6668637.60916566,1991.0,1.0
493,-6657495.145378428,1991.0,2.0
494,-6633413.958244315,1991.0,3.0
495,-6702754.824886113,1991.0,4.0
496,-6670532.043880564,1991.0,5.0
497,-6675815.893526775,1991.0,6.0
498,-6722776.3986894945,1991.0,7.0
499,-6748545.239249454,1991.0,8.0
500,-6750035.942217053,1991.0,9.0
501,-6815502.410065698,1991.0,10.0
502,-6814348.40967044,1991.0,11.0
503,-6705451.061827811,1991.0,12.0
504,-6696549.140193134,1992.0,1.0
505,-6738471.65897384,1992.0,2.0
506,-6558933.668731369,1992.0,3.0
507,-6780252.100724442,1992.0,4.0
508,-6817961.954487526,1992.0,5.0
509,-6834286.482415669,1992.0,6.0
510,-6855614.360323849,1992.0,7.0
511,-6854589.2595936,1992.0,8.0
512,-6879632.705421732,1992.0,9.0
513,-6922299.515141779,1992.0,10.0
514,-7009640.506883384,1992.0,11.0
515,-6822439.826481845,1992.0,12.0
516,-6653900.392411745,1993.0,1.0
517,-6694771.4017577255,1993.0,2.0
518,-6644774.953886728,1993.0,3.0
519,-6812071.398267648,1993.0,4.0
520,-6768391.684436078,1993.0,5.0
521,-6764865.6458173385,1993.0,6.0
522,-6809354.591225718,1993.0,7.0
523,-6761392.944914192,1993.0,8.0
524,-6817279.332308027,1993.0,9.0
525,-6833026.55403939,1993.0,10.0
526,-6815612.983317803,1993.0,11.0
527,-6784435.67979665,1993.0,12.0
528,-6768717.043840491,1994.0,1.0
529,-6606530.572125793,1994.0,2.0
530,-6649968.574861257,1994.0,3.0
531,-6742445.395303194,1994.0,4.0
532,-6750497.852679676,1994.0,5.0
533,-6732344.26137407,1994.0,6.0
534,-6769035.6610805495,1994.0,7.0
535,-6744144.316940777,1994.0,8.0
536,-6856453.732383223,1994.0,9.0
537,-6945942.1139922775,1994.0,10.0
538,-6942131.458707886,1994.0,11.0
539,-6805435.626936266,1994.0,12.0
540,-6775625.527905384,1995.0,1.0
541,-6785670.4607643485,1995.0,2.0
542,-6920472.234915304,1995.0,3.0
543,-6848333.954507221,1995.0,4.0
544,-6882483.829312408,1995.0,5.0
545,-6898631.247629335,1995.0,6.0
546,-6881066.783910801,1995.0,7.0
547,-6922756.0697025275,1995.0,8.0
548,-6939156.896965284,1995.0,9.0
549,-7031345.4801637,1995.0,10.0
550,-7001049.566483835,1995.0,11.0
551,-6891725.339886849,1995.0,12.0
552,-7008362.938224633,1996.0,1.0
553,-6964002.045673204,1996.0,2.0
554,-6939076.177729,1996.0,3.0
555,-6821332.52827433,1996.0,4.0
556,-6815570.605950738,1996.0,5.0
557,-6787503.919308615,1996.0,6.0
558,-6760533.77293111,1996.0,7.0
559,-6802300.988129703,1996.0,8.0
560,-6852324.228841187,1996.0,9.0
561,-6979669.88874734,1996.0,10.0
562,-7028472.562899906,1996.0,11.0
563,-6924740.805032822,1996.0,12.0
564,-6878530.9991180105,1997.0,1.0
565,-6958126.86959638,1997.0,2.0
566,-6911813.355282836,1997.0,3.0
567,-6892477.335358465,1997.0,4.0
568,-6880192.389362855,1997.0,5.0
569,-6878211.466171665,1997.0,6.0
570,-6947261.437679208,1997.0,7.0
571,-6928084.13371683,1997.0,8.0
572,-7019315.0321419425,1997.0,9.0
573,-6996424.450976175,1997.0,10.0
574,-7073856.366362081,1997.0,11.0
575,-6922509.87049707,1997.0,12.0
576,-7050372.091915521,1998.0,1.0
577,-6960765.30202889,1998.0,2.0
578,-6972901.3786532115,1998.0,3.0
579,-6907553.26809729,1998.0,4.0
580,-6836814.80229296,1998.0,5.0
581,-6758223.814646076,1998.0,6.0
582,-6765619.378816252,1998.0,7.0
583,-6875866.766108008,1998.0,8.0
584,-6882596.149925103,1998.0,9.0
585,-6890879.982380385,1998.0,10.0
586,-6829958.9462902155,1998.0,11.0
587,-6732120.303886266,1998.0,12.0
588,-6780055.333871912,1999.0,1.0
589,-6830358.988939967,1999.0,2.0
590,-6777612.376536196,1999.0,3.0
591,-6737851.180413526,1999.0,4.0
592,-6719985.16661442,1999.0,5.0
593,-6669845.220455194,1999.0,6.0
594,-6717560.130282247,1999.0,7.0
595,-6751138.77865191,1999.0,8.0
596,-6790172.998138435,1999.0,9.0
597,-6849165.806878485,1999.0,10.0
598,-6901221.575993281,1999.0,11.0
599,-6858332.293735637,1999.0,12.0
600,-6771520.113558248,2000.0,1.0
601,-6678387.111577337,2000.0,2.0
602,-6799461.830039948,2000.0,3.0
603,-6846471.323153823,2000.0,4.0
604,-6838278.096975656,2000.0,5.0
605,-6737447.933879666,2000.0,6.0
606,-6768582.524571884,2000.0,7.0
607,-6775048.689166763,2000.0,8.0
608,-6800322.000553344,2000.0,9.0
609,-6866358.270663176,2000.0,10.0
610,-6851460.908490538,2000.0,11.0
611,-6757564.419816906,2000.0,12.0
612,-6660393.173516952,2001.0,1.0
613,-6697474.437449453,2001.0,2.0
614,-6769410.6253852695,2001.0,3.0
615,-6821540.0545078255,2001.0,4.0
616,-6791340.556672207,2001.0,5.0
617,-6832031.947927904,2001.0,6.0
618,-6742216.864193805,2001.0,7.0
619,-6795970.802687458,2001.0,8.0
620,-6804618.655739118,2001.0,9.0
621,-6854176.118071816,2001.0,10.0
622,-6811819.662082319,2001.0,11.0
623,-6699788.55238979,2001.0,12.0
624,-6668172.123240767,2002.0,1.0
625,-6781245.866511133,2002.0,2.0
626,-6777620.239185812,2002.0,3.0
627,-6812146.916938924,2002.0,4.0
628,-6757968.176897245,2002.0,5.0
629,-6752799.480981915,2002.0,6.0
630,-6802959.603293802,2002.0,7.0
631,-6854948.803986053,2002.0,8.0
632,-6914678.114310829,2002.0,9.0
633,-6929088.679055629,2002.0,10.0
634,-6953643.364941497,2002.0,11.0
635,-6806466.4357501995,2002.0,12.0
636,-6756101.400895567,2003.0,1.0
637,-6764614.416115438,2003.0,2.0
638,-6698645.874534302,2003.0,3.0
639,-6762042.458914921,2003.0,4.0
640,-6693760.649966045,2003.0,5.0
641,-6712850.215225032,2003.0,6.0
642,-6763221.31645994,2003.0,7.0
643,-6775828.805985538,2003.0,8.0
644,-6739895.836096343,2003.0,9.0
645,-6761797.564569648,2003.0,10.0
646,-6750185.567864016,2003.0,11.0
647,-6603551.197418988,2003.0,12.0
648,-6564649.885982708,2004.0,1.0
649,-6842603.583884538,2004.0,2.0
650,-6763035.778562096,2004.0,3.0
651,-6837045.971771498,2004.0,4.0
652,-6817413.281833608,2004.0,5.0
653,-6898460.83126656,2004.0,6.0
654,-6954337.080241317,2004.0,7.0
655,-7059190.246527465,2004.0,8.0
656,-7036991.367136578,2004.0,9.0
657,-7076461.121260597,2004.0,10.0
658,-6971840.254742688,2004.0,11.0
659,-6774180.949834221,2004.0,12.0
660,-6707950.413940486,2005.0,1.0
661,-6801550.391799349,2005.0,2.0
662,-6856398.747957889,2005.0,3.0
663,-6749030.755752049,2005.0,4.0
664,-6711946.241974945,2005.0,5.0
665,-6738202.386912175,2005.0,6.0
666,-6754928.768450202,2005.0,7.0
667,-6717178.455137447,2005.0,8.0
668,-6624769.211231557,2005.0,9.0
669,-6624416.463757066,2005.0,10.0
670,-6623540.8596227355,2005.0,11.0
671,-6604398.139246018,2005.0,12.0
672,-6602927.332573366,2006.0,1.0
673,-6598087.987403512,2006.0,2.0
674,-6430976.693412521,2006.0,3.0
675,-6196808.36049807,2006.0,4.0
676,-6215845.941135435,2006.0,5.0
677,-6232602.340579666,2006.0,6.0
678,-6253287.737172084,2006.0,7.0
679,-6305856.584656487,2006.0,8.0
680,-6382713.927132514,2006.0,9.0
681,-6442216.823541815,2006.0,10.0
682,-6418327.601350038,2006.0,11.0
683,-6442419.091148614,2006.0,12.0
684,-6448998.661453516,2007.0,1.0
685,-6509846.437969197,2007.0,2.0
686,-6556916.197011889,2007.0,3.0
687,-6636044.290181751,2007.0,4.0
688,-6666594.520954716,2007.0,5.0
689,-6698561.625767234,2007.0,6.0
690,-6808226.24762034,2007.0,7.0
691,-6816197.3475642335,2007.0,8.0
692,-6856048.002631445,2007.0,9.0
693,-7011236.211207684,2007.0,10.0
694,-6936181.8316894015,2007.0,11.0
695,-6714015.318078669,2007.0,12.0
696,-6583239.829579615,2008.0,1.0
697,-6763659.643341474,2008.0,2.0
698,-6835458.630756246,2008.0,3.0
699,-6947730.586208499,2008.0,4.0
700,-6948908.078202233,2008.0,5.0
701,-7026779.517891204,2008.0,6.0
702,-6985572.258425664,2008.0,7.0
703,-7017575.567485727,2008.0,8.0
704,-7109408.909262237,2008.0,9.0
705,-7082960.895779368,2008.0,10.0
706,-7003373.41324858,2008.0,11.0
707,-6787781.436085619,2008.0,12.0
708,-6773056.60616695,2009.0,1.0
709,-6795335.8938929085,2009.0,2.0
710,-6846487.771704805,2009.0,3.0
711,-6790759.820364536,2009.0,4.0
712,-6855251.914516063,2009.0,5.0
713,-6735888.296902851,2009.0,6.0
714,-6774590.227047644,2009.0,7.0
715,-6720048.202743171,2009.0,8.0
716,-6827998.449052047,2009.0,9.0
717,-6807713.063552089,2009.0,10.0
718,-6768127.1469876785,2009.0,11.0
719,-6538510.662041005,2009.0,12.0
720,-6462261.249543048,2010.0,1.0
721,-6536071.292066521,2010.0,2.0
722,-6625802.50468923,2010.0,3.0
723,-6714620.847992973,2010.0,4.0
724,-6778205.662364111,2010.0,5.0
725,-6831999.842357283,2010.0,6.0
726,-6943006.665014279,2010.0,7.0
727,-6991938.483007143,2010.0,8.0
728,-7070206.722465957,2010.0,9.0
729,-6946924.6387666855,2010.0,10.0
730,-6829762.314006627,2010.0,11.0
731,-6580763.9972117115,2010.0,12.0
732,-6552337.902133114,2011.0,1.0
733,-6601404.7577550635,2011.0,2.0
734,-6631115.140454411,2011.0,3.0
735,-6757018.8485047165,2011.0,4.0
736,-6827966.704640867,2011.0,5.0
737,-6913427.192210409,2011.0,6.0
738,-6877486.497275389,2011.0,7.0
739,-6929541.6501681525,2011.0,8.0
740,-6952276.836928229,2011.0,9.0
741,-6837504.356059268,2011.0,10.0
742,-6829872.200145652,2011.0,11.0
743,-6567460.068261706,2011.0,12.0
744,-6515406.824103898,2012.0,1.0
745,-6477982.589115288,2012.0,2.0
746,-6516113.80711725,2012.0,3.0
747,-6638051.859576135,2012.0,4.0
748,-6650910.942803839,2012.0,5.0
749,-6653160.726658772,2012.0,6.0
750,-6784022.638499577,2012.0,7.0
751,-6854252.623386632,2012.0,8.0
752,-6908685.236627804,2012.0,9.0
753,-6797096.1772230305,2012.0,10.0
754,-6735517.410400869,2012.0,11.0
755,-6651828.5700295735,2012.0,12.0
756,-6461656.537473675,2013.0,1.0
757,-6457763.6215822855,2013.0,2.0
758,-6345914.577011315,2013.0,3.0
759,-6388468.594293532,2013.0,4.0
760,-6463208.351036213,2013.0,5.0
761,-6461127.703945486,2013.0,6.0
762,-6439184.085220307,2013.0,7.0
763,-6453509.899859036,2013.0,8.0
764,-6519886.961120979,2013.0,9.0
765,-6535887.9928456955,2013.0,10.0
766,-6590640.569483429,2013.0,11.0
767,-6588792.302713005,2013.0,12.0
768,-6607335.970175675,2014.0,1.0
769,-6656403.587201127,2014.0,2.0
770,-6708028.171634429,2014.0,3.0
771,-6658710.478306994,2014.0,4.0
772,-6654079.911272396,2014.0,5.0
773,-6639776.851021479,2014.0,6.0
774,-6648597.044510885,2014.0,7.0
775,-6730104.998725765,2014.0,8.0
776,-6695464.363019658,2014.0,9.0
777,-6681726.389160636,2014.0,10.0
778,-6618596.884827834,2014.0,11.0
779,-6419787.9658064395,2014.0,12.0
780,-6441743.712356776,2015.0,1.0
781,-6480336.357640272,2015.0,2.0
782,-6474557.688554797,2015.0,3.0
783,-6567244.166540335,2015.0,4.0
784,-6618094.714358952,2015.0,5.0
785,-6725675.229112037,2015.0,6.0
786,-6803265.394825778,2015.0,7.0
787,-6831043.903489929,2015.0,8.0
788,-7011656.200012295,2015.0,9.0
789,-6900108.660586625,2015.0,10.0
790,-6766715.341804597,2015.0,11.0
791,-6554465.795445287,2015.0,12.0
792,-6540403.293430055,2016.0,1.0
793,-6481845.317566787,2016.0,2.0
794,-6570340.094089629,2016.0,3.0
795,-6542737.838255695,2016.0,4.0
796,-6594769.846503729,2016.0,5.0
797,-6700037.266424204,2016.0,6.0
798,-6820690.201124838,2016.0,7.0
799,-7006809.572308095,2016.0,8.0
800,-7056755.614386108,2016.0,9.0
801,-6997181.034467399,2016.0,10.0
802,-6830271.482528116,2016.0,11.0
803,-6641860.939069782,2016.0,12.0
804,-6553460.49131099,2017.0,1.0
805,-6545229.547505314,2017.0,2.0
806,-6409700.569813117,2017.0,3.0
807,-6353024.94660752,2017.0,4.0
808,-6427830.609147894,2017.0,5.0
809,-6450264.639868746,2017.0,6.0
810,-6505393.315802108,2017.0,7.0
811,-6590489.583330067,2017.0,8.0
812,-6642816.34967274,2017.0,9.0
813,-6619403.763186903,2017.0,10.0
814,-6609496.642954681,2017.0,11.0
815,-6464547.265266988,2017.0,12.0
816,-6413248.467284126,2018.0,1.0
817,-6477190.108007249,2018.0,2.0
818,-6570450.593328234,2018.0,3.0
819,-6695952.950756356,2018.0,4.0
820,-6772339.77242942,2018.0,5.0
821,-6829304.181515296,2018.0,6.0
822,-6915246.894197546,2018.0,7.0
823,-6944458.4392649345,2018.0,8.0
824,-6959732.034614199,2018.0,9.0
825,-6887716.377453155,2018.0,10.0
826,-6788231.037831302,2018.0,11.0
827,-6575947.559081035,2018.0,12.0
828,-6507104.067148993,2019.0,1.0
829,-6452316.559493505,2019.0,2.0
830,-6506653.108417308,2019.0,3.0
831,-6491213.249324411,2019.0,4.0
832,-6560411.739644576,2019.0,5.0
833,-6663849.232765212,2019.0,6.0
834,-6851503.024498098,2019.0,7.0
835,-6956191.11957852,2019.0,8.0
836,-7007031.068584988,2019.0,9.0
837,-6872613.13329128,2019.0,10.0
838,-6844035.08275524,2019.0,11.0
839,-6706742.432631625,2019.0,12.0
840,-6550396.271616158,2020.0,1.0
841,-6609451.868604557,2020.0,2.0
842,-6623085.1631544735,2020.0,3.0
843,-6668939.577251635,2020.0,4.0
844,-6602362.7538554855,2020.0,5.0
845,-6617720.9228952695,2020.0,6.0
846,-6669854.312719844,2020.0,7.0
847,-6704415.402325788,2020.0,8.0
848,-6782722.903795075,2020.0,9.0
849,-6687738.914213135,2020.0,10.0
850,-6681637.1091943225,2020.0,11.0
851,-6542760.849479461,2020.0,12.0
852,-6429198.290942849,2021.0,1.0
853,-6565019.725957169,2021.0,2.0
854,-6530147.2701885365,2021.0,3.0
855,-6566507.993613316,2021.0,4.0
856,-6631988.627600405,2021.0,5.0
857,-6649683.700138349,2021.0,6.0
858,-6644472.693308223,2021.0,7.0
859,-6766788.515156295,2021.0,8.0
860,-6820657.405707061,2021.0,9.0
861,-6856609.32965434,2021.0,10.0
862,-6899118.606381764,2021.0,11.0
863,-6721904.145581631,2021.0,12.0
864,-6605211.7462565275,2022.0,1.0
865,-6655567.825999817,2022.0,2.0
866,-6693734.810175349,2022.0,3.0
867,-6719487.590303156,2022.0,4.0
868,-6724204.179977882,2022.0,5.0
869,-6716825.9917822825,2022.0,6.0
870,-6726160.540102269,2022.0,7.0
871,-6666222.105543715,2022.0,8.0
872,-6696399.594733552,2022.0,9.0
873,-6728934.009688113,2022.0,10.0
874,-6758211.321398142,2022.0,11.0
875,-6457359.022803189,2022.0,12.0
876,-6388021.004307455,2023.0,1.0
877,-6570717.143809343,2023.0,2.0
878,-6533640.440710572,2023.0,3.0
879,-6485277.876203493,2023.0,4.0
880,-6636447.302835333,2023.0,5.0
881,-6716298.734045651,2023.0,6.0
882,-6827364.181541037,2023.0,7.0
883,-6861915.190178814,2023.0,8.0
