,T,year,month
0,10.019892244784012,1950.0,1.0
1,10.031521600046403,1950.0,2.0
2,10.03491042890491,1950.0,3.0
3,10.055239853710765,1950.0,4.0
4,10.06055267686643,1950.0,5.0
5,10.024724478693878,1950.0,6.0
6,9.999273209015646,1950.0,7.0
7,9.995302732691165,1950.0,8.0
8,10.011022639475524,1950.0,9.0
9,10.017923800734367,1950.0,10.0
10,9.998226976473173,1950.0,11.0
11,10.016865006700254,1950.0,12.0
12,10.032578570112774,1951.0,1.0
13,10.043520899606087,1951.0,2.0
14,10.058019472625931,1951.0,3.0
15,10.058887004478507,1951.0,4.0
16,10.045838959278408,1951.0,5.0
17,10.04119873612413,1951.0,6.0
18,10.01960655777406,1951.0,7.0
19,10.018054496511128,1951.0,8.0
20,10.036876954664239,1951.0,9.0
21,10.04826044101412,1951.0,10.0
22,10.054911650919431,1951.0,11.0
23,10.065621175088953,1951.0,12.0
24,10.054685829773458,1952.0,1.0
25,10.043490823271274,1952.0,2.0
26,10.040241771989363,1952.0,3.0
27,10.02650956435531,1952.0,4.0
28,10.000052803073249,1952.0,5.0
29,9.976238839717105,1952.0,6.0
30,9.970256914673897,1952.0,7.0
31,9.980651031500418,1952.0,8.0
32,9.995141640273811,1952.0,9.0
33,10.006147012157347,1952.0,10.0
34,9.995598700251078,1952.0,11.0
35,10.016190851345886,1952.0,12.0
36,10.034212446298383,1953.0,1.0
37,10.019713808591343,1953.0,2.0
38,10.040710813942072,1953.0,3.0
39,10.04098316927946,1953.0,4.0
40,10.038254221371353,1953.0,5.0
41,10.012746376559834,1953.0,6.0
42,9.9862046884006,1953.0,7.0
43,9.986092042168849,1953.0,8.0
44,10.001132467798517,1953.0,9.0
45,10.014741255863095,1953.0,10.0
46,10.016299542901917,1953.0,11.0
47,10.028418189399115,1953.0,12.0
48,10.036220250857001,1954.0,1.0
49,10.051025421203606,1954.0,2.0
50,10.046755907564263,1954.0,3.0
51,10.05818970831308,1954.0,4.0
52,10.067024377431327,1954.0,5.0
53,10.023977377875717,1954.0,6.0
54,10.009816712523605,1954.0,7.0
55,10.005446035399492,1954.0,8.0
56,10.023965152027015,1954.0,9.0
57,10.042024697336512,1954.0,10.0
58,10.038464989031198,1954.0,11.0
59,10.029480736816119,1954.0,12.0
60,10.022720565229493,1955.0,1.0
61,10.031310861845771,1955.0,2.0
62,10.04762187205648,1955.0,3.0
63,10.042407295512739,1955.0,4.0
64,10.05723612711473,1955.0,5.0
65,10.007868773443732,1955.0,6.0
66,9.995889119175013,1955.0,7.0
67,9.98660474894225,1955.0,8.0
68,9.979076174050071,1955.0,9.0
69,9.986869525176003,1955.0,10.0
70,9.949745129897044,1955.0,11.0
71,9.949184696301364,1955.0,12.0
72,9.969135996098256,1956.0,1.0
73,9.997972116925675,1956.0,2.0
74,10.001093915227766,1956.0,3.0
75,10.005809630582009,1956.0,4.0
76,9.987085728930483,1956.0,5.0
77,9.971756256855778,1956.0,6.0
78,9.961384653268563,1956.0,7.0
79,9.97798671697384,1956.0,8.0
80,9.989515439447596,1956.0,9.0
81,10.008688260602195,1956.0,10.0
82,10.031723993338858,1956.0,11.0
83,10.042273349904924,1956.0,12.0
84,10.040630937454303,1957.0,1.0
85,10.026742684315712,1957.0,2.0
86,10.041965910658215,1957.0,3.0
87,10.02151684360981,1957.0,4.0
88,10.00982153326219,1957.0,5.0
89,9.983943784300571,1957.0,6.0
90,9.949070142636405,1957.0,7.0
91,9.942140322855844,1957.0,8.0
92,9.963209309466968,1957.0,9.0
93,9.973127383409427,1957.0,10.0
94,9.993143471782371,1957.0,11.0
95,10.012670375618608,1957.0,12.0
96,10.0106474055249,1958.0,1.0
97,10.018413064645184,1958.0,2.0
98,10.022467546546986,1958.0,3.0
99,10.055225875287674,1958.0,4.0
100,10.049885368979508,1958.0,5.0
101,10.010056486634006,1958.0,6.0
102,9.988430982237322,1958.0,7.0
103,10.007406314521853,1958.0,8.0
104,9.989353069472248,1958.0,9.0
105,10.003759098227597,1958.0,10.0
106,10.0145816124409,1958.0,11.0
107,10.004734051468951,1958.0,12.0
108,10.010439686245688,1959.0,1.0
109,10.01097790104376,1959.0,2.0
110,10.02665449234727,1959.0,3.0
111,10.031321869529965,1959.0,4.0
112,10.001636478924775,1959.0,5.0
113,9.984887066339128,1959.0,6.0
114,9.951921457741273,1959.0,7.0
115,9.969532611330829,1959.0,8.0
116,9.98930968648484,1959.0,9.0
117,9.985604448057677,1959.0,10.0
118,10.010043981949892,1959.0,11.0
119,10.01760758529277,1959.0,12.0
120,10.004134822755304,1960.0,1.0
121,10.029030279553886,1960.0,2.0
122,10.02116509782476,1960.0,3.0
123,10.036936079728507,1960.0,4.0
124,10.035600860454453,1960.0,5.0
125,9.98531578222255,1960.0,6.0
126,9.996176380368471,1960.0,7.0
127,9.973352992383992,1960.0,8.0
128,10.012512207654325,1960.0,9.0
129,10.043394373960034,1960.0,10.0
130,10.026574145169779,1960.0,11.0
131,9.996012705108122,1960.0,12.0
132,10.027441197899304,1961.0,1.0
133,10.03533602995041,1961.0,2.0
134,10.034014741656192,1961.0,3.0
135,10.005017294727647,1961.0,4.0
136,10.000880368238612,1961.0,5.0
137,9.983798776207738,1961.0,6.0
138,9.959381676727121,1961.0,7.0
139,9.968235047821404,1961.0,8.0
140,9.97714582386837,1961.0,9.0
141,9.99392620204298,1961.0,10.0
142,10.01046974557922,1961.0,11.0
143,10.018514661887647,1961.0,12.0
144,10.018690649697266,1962.0,1.0
145,10.041153428776058,1962.0,2.0
146,10.045140477638151,1962.0,3.0
147,10.0150165068309,1962.0,4.0
148,10.042700883337613,1962.0,5.0
149,10.02403904619387,1962.0,6.0
150,9.99903788896368,1962.0,7.0
151,9.988201305617698,1962.0,8.0
152,10.010463714166995,1962.0,9.0
153,10.03180686531718,1962.0,10.0
154,10.01933188228671,1962.0,11.0
155,10.02794366000847,1962.0,12.0
156,10.022396423661812,1963.0,1.0
157,10.022519071904508,1963.0,2.0
158,10.043415610567967,1963.0,3.0
159,10.051502761974579,1963.0,4.0
160,10.040267632002642,1963.0,5.0
161,10.012285594944993,1963.0,6.0
162,9.988828664640344,1963.0,7.0
163,9.97044173657243,1963.0,8.0
164,9.979265185347131,1963.0,9.0
165,9.993896012860553,1963.0,10.0
166,9.991314227766194,1963.0,11.0
167,10.017016135552613,1963.0,12.0
168,10.015435108217183,1964.0,1.0
169,10.005448605927624,1964.0,2.0
170,10.020003831578567,1964.0,3.0
171,10.046706571833836,1964.0,4.0
172,10.01949258357457,1964.0,5.0
173,9.981880112269602,1964.0,6.0
174,9.95961328352635,1964.0,7.0
175,9.960633924474607,1964.0,8.0
176,9.963599625523539,1964.0,9.0
177,9.999377587342869,1964.0,10.0
178,9.979770968588092,1964.0,11.0
179,9.966655001808737,1964.0,12.0
180,9.97778674258157,1965.0,1.0
181,9.984905977757187,1965.0,2.0
182,9.997260096705459,1965.0,3.0
183,9.995372580360002,1965.0,4.0
184,9.990076997141186,1965.0,5.0
185,9.977855942531725,1965.0,6.0
186,9.977696012539749,1965.0,7.0
187,9.971420926942317,1965.0,8.0
188,9.980936700340845,1965.0,9.0
189,9.975340457922275,1965.0,10.0
190,9.984755775906672,1965.0,11.0
191,10.00823136485971,1965.0,12.0
192,10.003828336621593,1966.0,1.0
193,10.028045671369815,1966.0,2.0
194,10.024610921817205,1966.0,3.0
195,10.029184372365842,1966.0,4.0
196,10.021302187178568,1966.0,5.0
197,10.009179239434369,1966.0,6.0
198,9.986752210142539,1966.0,7.0
199,9.993149185291628,1966.0,8.0
200,10.007316914145312,1966.0,9.0
201,10.008979185187949,1966.0,10.0
202,9.994960942116228,1966.0,11.0
203,10.02347136746051,1966.0,12.0
204,10.045358004382175,1967.0,1.0
205,10.017132085838286,1967.0,2.0
206,10.017268559993829,1967.0,3.0
207,10.038645350838586,1967.0,4.0
208,10.036962741139343,1967.0,5.0
209,10.003737997670468,1967.0,6.0
210,9.973936401681616,1967.0,7.0
211,9.993635607382718,1967.0,8.0
212,9.995661924289195,1967.0,9.0
213,10.01947770678683,1967.0,10.0
214,10.025919182948067,1967.0,11.0
215,10.015185184635998,1967.0,12.0
216,9.998326421950537,1968.0,1.0
217,9.966890648053537,1968.0,2.0
218,10.012934285349534,1968.0,3.0
219,10.009384213326015,1968.0,4.0
220,10.003865434595498,1968.0,5.0
221,10.001541490119523,1968.0,6.0
222,9.98737380459755,1968.0,7.0
223,9.984686931623179,1968.0,8.0
224,9.975546545569731,1968.0,9.0
225,9.972063769974133,1968.0,10.0
226,9.948979701014142,1968.0,11.0
227,9.96156369728784,1968.0,12.0
228,9.965397393632916,1969.0,1.0
229,9.9898151666181,1969.0,2.0
230,10.014157903378754,1969.0,3.0
231,10.02975409599445,1969.0,4.0
232,10.02177075986853,1969.0,5.0
233,9.97763504637339,1969.0,6.0
234,9.952903033085136,1969.0,7.0
235,9.934562179942558,1969.0,8.0
236,9.957883083126285,1969.0,9.0
237,9.94505507061141,1969.0,10.0
238,9.95161310178643,1969.0,11.0
239,9.964575089443729,1969.0,12.0
240,9.947815687943491,1970.0,1.0
241,9.9663510069797,1970.0,2.0
242,9.98108391903717,1970.0,3.0
243,9.972072722296659,1970.0,4.0
244,9.963572571252401,1970.0,5.0
245,9.956620521351745,1970.0,6.0
246,9.943855778851248,1970.0,7.0
247,9.935102807312303,1970.0,8.0
248,9.948298955550326,1970.0,9.0
249,9.95317171274365,1970.0,10.0
250,9.971717191812074,1970.0,11.0
251,9.996957885317578,1970.0,12.0
252,9.99530187494451,1971.0,1.0
253,9.989115553687355,1971.0,2.0
254,10.001446740038281,1971.0,3.0
255,10.000503462480557,1971.0,4.0
256,9.99761477310361,1971.0,5.0
257,9.967369136273655,1971.0,6.0
258,9.963349855705426,1971.0,7.0
259,9.956208746746228,1971.0,8.0
260,9.995230152407117,1971.0,9.0
261,10.009880289628306,1971.0,10.0
262,10.011259544120506,1971.0,11.0
263,10.005619849569351,1971.0,12.0
264,9.986425131982978,1972.0,1.0
265,10.017705731194788,1972.0,2.0
266,10.030224664740125,1972.0,3.0
267,10.04009503739699,1972.0,4.0
268,10.03532864226393,1972.0,5.0
269,9.985048895517128,1972.0,6.0
270,9.949777835666682,1972.0,7.0
271,9.957735649580684,1972.0,8.0
272,9.924336346362573,1972.0,9.0
273,9.94717518168039,1972.0,10.0
274,9.964750799414604,1972.0,11.0
275,9.978267369271503,1972.0,12.0
276,9.955991536987652,1973.0,1.0
277,9.982320152949418,1973.0,2.0
278,9.988765901664742,1973.0,3.0
279,10.003082328693269,1973.0,4.0
280,10.000598632731547,1973.0,5.0
281,10.017119467456032,1973.0,6.0
282,9.958600556592637,1973.0,7.0
283,9.97442424940387,1973.0,8.0
284,9.971103091402606,1973.0,9.0
285,9.987166069587035,1973.0,10.0
286,9.997150410466336,1973.0,11.0
287,9.992576476594943,1973.0,12.0
288,10.018924489857062,1974.0,1.0
289,10.022206129662107,1974.0,2.0
290,10.03221077712683,1974.0,3.0
291,10.055366910803714,1974.0,4.0
292,10.012590002894965,1974.0,5.0
293,9.977151928383735,1974.0,6.0
294,9.962271597152938,1974.0,7.0
295,9.948081671892592,1974.0,8.0
296,9.990234588930512,1974.0,9.0
297,9.985290880365866,1974.0,10.0
298,9.986339017179226,1974.0,11.0
299,10.012772627108442,1974.0,12.0
300,10.024422407882534,1975.0,1.0
301,10.028462866956167,1975.0,2.0
302,10.0411275060643,1975.0,3.0
303,10.037334095510975,1975.0,4.0
304,10.01960422059166,1975.0,5.0
305,9.979389137863627,1975.0,6.0
306,9.97341815665718,1975.0,7.0
307,9.966843743503764,1975.0,8.0
308,9.996722201598802,1975.0,9.0
309,10.022584705425416,1975.0,10.0
310,10.018520487606528,1975.0,11.0
311,10.03546438709513,1975.0,12.0
312,10.019871206467826,1976.0,1.0
313,10.053265710820403,1976.0,2.0
314,10.033510660211958,1976.0,3.0
315,10.059868878905348,1976.0,4.0
316,10.041389489810854,1976.0,5.0
317,10.020930576855235,1976.0,6.0
318,9.991272800185557,1976.0,7.0
319,9.966553408928666,1976.0,8.0
320,9.980439020070264,1976.0,9.0
321,10.002540400831586,1976.0,10.0
322,9.997096151686366,1976.0,11.0
323,9.977269110802283,1976.0,12.0
324,10.045687744933575,1977.0,1.0
325,10.033675230009182,1977.0,2.0
326,10.016380368831669,1977.0,3.0
327,10.037248594569487,1977.0,4.0
328,10.043666258856296,1977.0,5.0
329,10.031243177926141,1977.0,6.0
330,9.996151389011809,1977.0,7.0
331,9.981967992174154,1977.0,8.0
332,10.013129230894934,1977.0,9.0
333,10.026712858430155,1977.0,10.0
334,10.007154087565867,1977.0,11.0
335,10.02335125877494,1977.0,12.0
336,10.00931474739894,1978.0,1.0
337,10.030760690344586,1978.0,2.0
338,10.046203893442236,1978.0,3.0
339,10.062529615479999,1978.0,4.0
340,10.03352947849356,1978.0,5.0
341,10.002683826920308,1978.0,6.0
342,9.974213277717705,1978.0,7.0
343,9.982712906785597,1978.0,8.0
344,9.967240046720477,1978.0,9.0
345,9.991046726295611,1978.0,10.0
346,10.012383679389835,1978.0,11.0
347,10.030858083540354,1978.0,12.0
348,10.030115476015997,1979.0,1.0
349,10.068725455769494,1979.0,2.0
350,10.054645044217573,1979.0,3.0
351,10.05703064664397,1979.0,4.0
352,10.058353887142424,1979.0,5.0
353,10.012431117867242,1979.0,6.0
354,9.980508066321008,1979.0,7.0
355,9.994516385186202,1979.0,8.0
356,9.995483065288187,1979.0,9.0
357,10.01491434471265,1979.0,10.0
358,10.003880025743966,1979.0,11.0
359,10.046439906286908,1979.0,12.0
360,10.04879657267788,1980.0,1.0
361,10.067738105221185,1980.0,2.0
362,10.079595200837867,1980.0,3.0
363,10.078182954900168,1980.0,4.0
364,10.076258995575838,1980.0,5.0
365,10.034839345160716,1980.0,6.0
366,10.012515871185096,1980.0,7.0
367,10.008624113700991,1980.0,8.0
368,10.032629083164263,1980.0,9.0
369,10.041280043058752,1980.0,10.0
370,10.055473604590063,1980.0,11.0
371,10.042668857046113,1980.0,12.0
372,10.035263190061421,1981.0,1.0
373,10.027368374117973,1981.0,2.0
374,10.082738180946018,1981.0,3.0
375,10.076011066499596,1981.0,4.0
376,10.076171499261857,1981.0,5.0
377,10.012715752241268,1981.0,6.0
378,10.001097153654618,1981.0,7.0
379,9.983610314074086,1981.0,8.0
380,10.002220379986648,1981.0,9.0
381,10.045099580615329,1981.0,10.0
382,10.023015207863807,1981.0,11.0
383,10.017375854398777,1981.0,12.0
384,10.009566326818238,1982.0,1.0
385,10.011919660350323,1982.0,2.0
386,10.056355638597948,1982.0,3.0
387,10.072732177774062,1982.0,4.0
388,10.056735375994156,1982.0,5.0
389,9.995017499146796,1982.0,6.0
390,9.956979771803413,1982.0,7.0
391,9.945574840155725,1982.0,8.0
392,9.975439310980581,1982.0,9.0
393,10.010576092156608,1982.0,10.0
394,10.008497398898234,1982.0,11.0
395,9.997510452234957,1982.0,12.0
396,10.002343547164395,1983.0,1.0
397,9.957623705850088,1983.0,2.0
398,10.005861211198555,1983.0,3.0
399,10.00560395278428,1983.0,4.0
400,10.016581326694046,1983.0,5.0
401,10.010271337972611,1983.0,6.0
402,9.966384934862145,1983.0,7.0
403,9.934684330348002,1983.0,8.0
404,9.938096348877716,1983.0,9.0
405,9.95276696287318,1983.0,10.0
406,9.99213117756462,1983.0,11.0
407,10.009530449925313,1983.0,12.0
408,10.006777841082227,1984.0,1.0
409,10.05412901128692,1984.0,2.0
410,10.052114607355247,1984.0,3.0
411,10.043776977345406,1984.0,4.0
412,10.025956184871717,1984.0,5.0
413,9.970788755992348,1984.0,6.0
414,9.940755511991856,1984.0,7.0
415,9.950353454820487,1984.0,8.0
416,9.94953788964118,1984.0,9.0
417,9.957257272032207,1984.0,10.0
418,9.981487310103672,1984.0,11.0
419,9.989952418314951,1984.0,12.0
420,10.004947300273948,1985.0,1.0
421,10.010487504991973,1985.0,2.0
422,10.052179958319966,1985.0,3.0
423,10.046080339677527,1985.0,4.0
424,10.048885399344357,1985.0,5.0
425,10.025614590247418,1985.0,6.0
426,9.983732790415852,1985.0,7.0
427,9.986095635095287,1985.0,8.0
428,9.995360828229567,1985.0,9.0
429,10.007277404383794,1985.0,10.0
430,9.994692812948827,1985.0,11.0
431,10.003933700873096,1985.0,12.0
432,10.011813455160558,1986.0,1.0
433,9.993371268663044,1986.0,2.0
434,10.004232157969437,1986.0,3.0
435,10.024570715687458,1986.0,4.0
436,10.025518461784051,1986.0,5.0
437,10.02919416119726,1986.0,6.0
438,10.010626294632313,1986.0,7.0
439,9.976258178631072,1986.0,8.0
440,9.985242123414658,1986.0,9.0
441,10.000396407072236,1986.0,10.0
442,9.99198483849668,1986.0,11.0
443,9.987921604807983,1986.0,12.0
444,9.984711958096641,1987.0,1.0
445,9.972260965717217,1987.0,2.0
446,10.010419229929278,1987.0,3.0
447,10.014086964417766,1987.0,4.0
448,9.993584213623137,1987.0,5.0
449,9.96803469649998,1987.0,6.0
450,9.958227138199668,1987.0,7.0
451,9.943861798440988,1987.0,8.0
452,9.957478593903629,1987.0,9.0
453,9.991244695643944,1987.0,10.0
454,9.999830516736674,1987.0,11.0
455,9.998790759817364,1987.0,12.0
456,10.021951341808602,1988.0,1.0
457,10.00363666096878,1988.0,2.0
458,10.01103618424834,1988.0,3.0
459,10.017525503747986,1988.0,4.0
460,10.033551556990549,1988.0,5.0
461,10.009579168996952,1988.0,6.0
462,10.008746608889084,1988.0,7.0
463,9.997616048134505,1988.0,8.0
464,10.014269738498685,1988.0,9.0
465,10.006351292114621,1988.0,10.0
466,10.006575528091485,1988.0,11.0
467,10.023811832777366,1988.0,12.0
468,10.034943887330073,1989.0,1.0
469,10.040344956686482,1989.0,2.0
470,10.039130075270016,1989.0,3.0
471,10.025842032008317,1989.0,4.0
472,10.033267754863681,1989.0,5.0
473,10.013712733219808,1989.0,6.0
474,9.987034676130527,1989.0,7.0
475,9.978312673699211,1989.0,8.0
476,9.971025329831422,1989.0,9.0
477,9.993653402981863,1989.0,10.0
478,9.977230541634347,1989.0,11.0
479,9.99415827290852,1989.0,12.0
480,10.000398103785662,1990.0,1.0
481,10.014604049079503,1990.0,2.0
482,10.009557331892037,1990.0,3.0
483,10.023474360596119,1990.0,4.0
484,9.999226374249718,1990.0,5.0
485,9.972660333281825,1990.0,6.0
486,9.922110668296895,1990.0,7.0
487,9.919344607825836,1990.0,8.0
488,9.962589448269348,1990.0,9.0
489,9.96731420459151,1990.0,10.0
490,9.993203542464954,1990.0,11.0
491,10.00036588515794,1990.0,12.0
492,9.991676730782425,1991.0,1.0
493,10.01340809209273,1991.0,2.0
494,10.047803275898207,1991.0,3.0
495,10.029624003805607,1991.0,4.0
496,10.041947169903644,1991.0,5.0
497,10.019875783175324,1991.0,6.0
498,10.01970670312032,1991.0,7.0
499,9.99321438144573,1991.0,8.0
500,10.003701856993777,1991.0,9.0
501,10.009036131864029,1991.0,10.0
502,10.033409406643024,1991.0,11.0
503,10.017300609896227,1991.0,12.0
504,10.01040393840398,1992.0,1.0
505,10.01663473182773,1992.0,2.0
506,10.02733667567534,1992.0,3.0
507,10.02342094066556,1992.0,4.0
508,9.998829667020628,1992.0,5.0
509,9.984505259938507,1992.0,6.0
510,9.972757062786219,1992.0,7.0
511,9.985720887048624,1992.0,8.0
512,9.994704432344452,1992.0,9.0
513,9.9735528864121,1992.0,10.0
514,9.97525195506741,1992.0,11.0
515,9.991402391261866,1992.0,12.0
516,10.011073990276637,1993.0,1.0
517,10.034278793208554,1993.0,2.0
518,10.055889999987931,1993.0,3.0
519,10.02311962300297,1993.0,4.0
520,10.019427599445395,1993.0,5.0
521,10.012382852983752,1993.0,6.0
522,10.007865629851283,1993.0,7.0
523,9.978969606439442,1993.0,8.0
524,9.982002261114374,1993.0,9.0
525,9.983612084570046,1993.0,10.0
526,9.987005921397978,1993.0,11.0
527,10.01189131609821,1993.0,12.0
528,10.032094754680083,1994.0,1.0
529,10.036366362455016,1994.0,2.0
530,10.057619474197205,1994.0,3.0
531,10.038908876812593,1994.0,4.0
532,10.034068332995341,1994.0,5.0
533,9.994771795508955,1994.0,6.0
534,9.977385061539685,1994.0,7.0
535,9.982613941662315,1994.0,8.0
536,9.991137680794766,1994.0,9.0
537,9.998841664594345,1994.0,10.0
538,10.001258438722461,1994.0,11.0
539,9.992187860121941,1994.0,12.0
540,10.025805023096304,1995.0,1.0
541,10.004358183404383,1995.0,2.0
542,10.01820793276879,1995.0,3.0
543,10.04619057299385,1995.0,4.0
544,10.013008455858609,1995.0,5.0
545,9.987566047940359,1995.0,6.0
546,9.969309764456883,1995.0,7.0
547,9.959303244894693,1995.0,8.0
548,9.95321495301759,1995.0,9.0
549,9.968435266243418,1995.0,10.0
550,9.977579553809067,1995.0,11.0
551,9.999877632901567,1995.0,12.0
552,9.97667338343522,1996.0,1.0
553,10.020266852549423,1996.0,2.0
554,10.02366327233573,1996.0,3.0
555,10.043340511035938,1996.0,4.0
556,10.00890153856485,1996.0,5.0
557,10.000117106397639,1996.0,6.0
558,9.984751320404246,1996.0,7.0
559,9.970352801630192,1996.0,8.0
560,9.983022456576931,1996.0,9.0
561,9.977303039995398,1996.0,10.0
562,9.9891760698098,1996.0,11.0
563,9.984163460123407,1996.0,12.0
564,10.001575488742162,1997.0,1.0
565,10.002144147428584,1997.0,2.0
566,10.028088654607519,1997.0,3.0
567,10.047820503581464,1997.0,4.0
568,10.030231580430952,1997.0,5.0
569,9.999765313035725,1997.0,6.0
570,9.965228866268598,1997.0,7.0
571,9.962355472545605,1997.0,8.0
572,9.978755121967886,1997.0,9.0
573,9.988280619618402,1997.0,10.0
574,9.991678045761558,1997.0,11.0
575,9.997564112209156,1997.0,12.0
576,9.970720910608794,1998.0,1.0
577,10.03732069210979,1998.0,2.0
578,10.038056007231845,1998.0,3.0
579,10.040317573448574,1998.0,4.0
580,10.042624023206857,1998.0,5.0
581,10.044742286623585,1998.0,6.0
582,10.017464608829076,1998.0,7.0
583,9.99128805380805,1998.0,8.0
584,10.000644337535636,1998.0,9.0
585,10.046967103908957,1998.0,10.0
586,10.034035562503023,1998.0,11.0
587,10.04304615981624,1998.0,12.0
588,10.042936277198953,1999.0,1.0
589,10.031726809606964,1999.0,2.0
590,10.049922820060342,1999.0,3.0
591,10.083964379728739,1999.0,4.0
592,10.058558516720327,1999.0,5.0
593,10.041209042077666,1999.0,6.0
594,10.028071920219217,1999.0,7.0
595,10.021134748101677,1999.0,8.0
596,10.036678849274615,1999.0,9.0
597,10.028901211783516,1999.0,10.0
598,10.042306060898056,1999.0,11.0
599,10.038177296754775,1999.0,12.0
600,10.049468644479465,2000.0,1.0
601,10.070587991512173,2000.0,2.0
602,10.051234511959128,2000.0,3.0
603,10.025768877754967,2000.0,4.0
604,10.050155922135726,2000.0,5.0
605,10.03366047117837,2000.0,6.0
606,10.013988302766917,2000.0,7.0
607,10.025806792227973,2000.0,8.0
608,10.03720702722575,2000.0,9.0
609,10.041685004927695,2000.0,10.0
610,10.032633412617685,2000.0,11.0
611,10.0482264791209,2000.0,12.0
612,10.054188422337285,2001.0,1.0
613,10.059602496080732,2001.0,2.0
614,10.057146685717742,2001.0,3.0
615,10.054490102688804,2001.0,4.0
616,10.045433511530506,2001.0,5.0
617,10.016548871035187,2001.0,6.0
618,10.020517616961465,2001.0,7.0
619,9.995393656055109,2001.0,8.0
620,10.017324199578654,2001.0,9.0
621,10.034454955602868,2001.0,10.0
622,10.052757181894897,2001.0,11.0
623,10.050778368302232,2001.0,12.0
624,10.061376602361447,2002.0,1.0
625,10.052103168678928,2002.0,2.0
626,10.091037389089747,2002.0,3.0
627,10.086445590875822,2002.0,4.0
628,10.08449618787398,2002.0,5.0
629,10.071882670189986,2002.0,6.0
630,10.04196626393876,2002.0,7.0
631,10.039313954752297,2002.0,8.0
632,10.04836302750508,2002.0,9.0
633,10.060668740690767,2002.0,10.0
634,10.0379033728369,2002.0,11.0
635,10.06135327729003,2002.0,12.0
636,10.075707929419941,2003.0,1.0
637,10.11278462338402,2003.0,2.0
638,10.104415956133023,2003.0,3.0
639,10.10536623045828,2003.0,4.0
640,10.106380312369991,2003.0,5.0
641,10.09692806373704,2003.0,6.0
642,10.076958065606004,2003.0,7.0
643,10.092423576427976,2003.0,8.0
644,10.090931274002058,2003.0,9.0
645,10.100896007079099,2003.0,10.0
646,10.093030947317336,2003.0,11.0
647,10.104894046350974,2003.0,12.0
648,10.12717216070298,2004.0,1.0
649,10.132186658949172,2004.0,2.0
650,10.132795694039784,2004.0,3.0
651,10.128366305455272,2004.0,4.0
652,10.132765581440783,2004.0,5.0
653,10.106821896201174,2004.0,6.0
654,10.080385564360048,2004.0,7.0
655,10.066695163956268,2004.0,8.0
656,10.075295957481405,2004.0,9.0
657,10.087292760057204,2004.0,10.0
658,10.0964361347451,2004.0,11.0
659,10.094184438267975,2004.0,12.0
660,10.10402236071532,2005.0,1.0
661,10.107254894451689,2005.0,2.0
662,10.105076275096648,2005.0,3.0
663,10.119083722045325,2005.0,4.0
664,10.114675448906949,2005.0,5.0
665,10.11208434199782,2005.0,6.0
666,10.08167622727077,2005.0,7.0
667,10.07371223922561,2005.0,8.0
668,10.105500215106321,2005.0,9.0
669,10.109280017403238,2005.0,10.0
670,10.092147135980115,2005.0,11.0
671,10.118934840770635,2005.0,12.0
672,10.114245140807917,2006.0,1.0
673,10.11666865826375,2006.0,2.0
674,10.122682150067082,2006.0,3.0
675,10.152254148685136,2006.0,4.0
676,10.140823582934187,2006.0,5.0
677,10.133538288514035,2006.0,6.0
678,10.122189118229786,2006.0,7.0
679,10.115502472426916,2006.0,8.0
680,10.101030630949518,2006.0,9.0
681,10.101832542614563,2006.0,10.0
682,10.1107647027315,2006.0,11.0
683,10.123022938117783,2006.0,12.0
684,10.1185038621902,2007.0,1.0
685,10.126779631231235,2007.0,2.0
686,10.127961802734374,2007.0,3.0
687,10.12564607653599,2007.0,4.0
688,10.115812162965632,2007.0,5.0
689,10.111630495763583,2007.0,6.0
690,10.09989954263303,2007.0,7.0
691,10.083681106245127,2007.0,8.0
692,10.094358128309237,2007.0,9.0
693,10.09628378696003,2007.0,10.0
694,10.104783981618185,2007.0,11.0
695,10.128720168716873,2007.0,12.0
696,10.132975209436193,2008.0,1.0
697,10.134511185503667,2008.0,2.0
698,10.146748465658801,2008.0,3.0
699,10.137949332585757,2008.0,4.0
700,10.135838045879485,2008.0,5.0
701,10.113661767008216,2008.0,6.0
702,10.110038617137576,2008.0,7.0
703,10.097408740607342,2008.0,8.0
704,10.098378298530772,2008.0,9.0
705,10.106205682431206,2008.0,10.0
706,10.105868983555194,2008.0,11.0
707,10.12157420645409,2008.0,12.0
708,10.129579408476477,2009.0,1.0
709,10.140807865689869,2009.0,2.0
710,10.147163789968106,2009.0,3.0
711,10.15678176081475,2009.0,4.0
712,10.148903517627986,2009.0,5.0
713,10.125754107610451,2009.0,6.0
714,10.104461579509103,2009.0,7.0
715,10.102136420892613,2009.0,8.0
716,10.104441084128888,2009.0,9.0
717,10.12087722706103,2009.0,10.0
718,10.127267434268436,2009.0,11.0
719,10.13639041749841,2009.0,12.0
720,10.13936696535618,2010.0,1.0
721,10.121712931712628,2010.0,2.0
722,10.130400800149364,2010.0,3.0
723,10.135788411786747,2010.0,4.0
724,10.143928732959063,2010.0,5.0
725,10.13617218479919,2010.0,6.0
726,10.126222566346195,2010.0,7.0
727,10.098248163924767,2010.0,8.0
728,10.112086313041964,2010.0,9.0
729,10.12157331327697,2010.0,10.0
730,10.13684895002005,2010.0,11.0
731,10.145182495684153,2010.0,12.0
732,10.133722859913401,2011.0,1.0
733,10.15582786684802,2011.0,2.0
734,10.157130918784828,2011.0,3.0
735,10.15946315075144,2011.0,4.0
736,10.153857606211044,2011.0,5.0
737,10.126236247540826,2011.0,6.0
738,10.125058172073558,2011.0,7.0
739,10.11935368794691,2011.0,8.0
740,10.123244758532492,2011.0,9.0
741,10.135400120120456,2011.0,10.0
742,10.12052819934232,2011.0,11.0
743,10.149137734122542,2011.0,12.0
744,10.158507461867599,2012.0,1.0
745,10.162267990879787,2012.0,2.0
746,10.169207293324984,2012.0,3.0
747,10.169931409949193,2012.0,4.0
748,10.158456616192609,2012.0,5.0
749,10.139707505304514,2012.0,6.0
750,10.114728893472655,2012.0,7.0
751,10.102171741065412,2012.0,8.0
752,10.109841435532159,2012.0,9.0
753,10.124601775179958,2012.0,10.0
754,10.127304905790163,2012.0,11.0
755,10.140507305656508,2012.0,12.0
756,10.172354417971503,2013.0,1.0
757,10.180041566722373,2013.0,2.0
758,10.182045947300898,2013.0,3.0
759,10.182684881817508,2013.0,4.0
760,10.159852098781968,2013.0,5.0
761,10.142284745876193,2013.0,6.0
762,10.132589198324508,2013.0,7.0
763,10.117011302573601,2013.0,8.0
764,10.141827892886745,2013.0,9.0
765,10.141416888927937,2013.0,10.0
766,10.147446258446767,2013.0,11.0
767,10.159400470425096,2013.0,12.0
768,10.160211564877043,2014.0,1.0
769,10.179482833390946,2014.0,2.0
770,10.175256260950144,2014.0,3.0
771,10.176956910850675,2014.0,4.0
772,10.174342609367391,2014.0,5.0
773,10.175677050566268,2014.0,6.0
774,10.149378944978508,2014.0,7.0
775,10.138757301965748,2014.0,8.0
776,10.13199015812691,2014.0,9.0
777,10.139041434164634,2014.0,10.0
778,10.141224171470926,2014.0,11.0
779,10.16629700575567,2014.0,12.0
780,10.174492195999433,2015.0,1.0
781,10.194528526151169,2015.0,2.0
782,10.209792314572052,2015.0,3.0
783,10.217915470322454,2015.0,4.0
784,10.200314020901468,2015.0,5.0
785,10.167916613105088,2015.0,6.0
786,10.158715464220286,2015.0,7.0
787,10.155782706133634,2015.0,8.0
788,10.147527008087517,2015.0,9.0
789,10.152934371598846,2015.0,10.0
790,10.163447098276418,2015.0,11.0
791,10.180175954904144,2015.0,12.0
792,10.17914274082127,2016.0,1.0
793,10.189833676119262,2016.0,2.0
794,10.196547969808275,2016.0,3.0
795,10.194231613753866,2016.0,4.0
796,10.19028790262633,2016.0,5.0
797,10.1782379206548,2016.0,6.0
798,10.153519709051707,2016.0,7.0
799,10.135076711454474,2016.0,8.0
800,10.152360232080335,2016.0,9.0
801,10.153487826456484,2016.0,10.0
802,10.168660482480833,2016.0,11.0
803,10.166050837598348,2016.0,12.0
804,10.192579078392008,2017.0,1.0
805,10.192800520705674,2017.0,2.0
806,10.211771241033883,2017.0,3.0
807,10.233045505177726,2017.0,4.0
808,10.220840450424973,2017.0,5.0
809,10.19439433152916,2017.0,6.0
810,10.184244519322025,2017.0,7.0
811,10.164479891807416,2017.0,8.0
812,10.163841750895605,2017.0,9.0
813,10.186047428634907,2017.0,10.0
814,10.179229768890048,2017.0,11.0
815,10.184490214863272,2017.0,12.0
816,10.194857402074625,2018.0,1.0
817,10.210376435043159,2018.0,2.0
818,10.220478476189243,2018.0,3.0
819,10.222896141680653,2018.0,4.0
820,10.201230318792108,2018.0,5.0
821,10.193773673457489,2018.0,6.0
822,10.169594803574798,2018.0,7.0
823,10.161124379942772,2018.0,8.0
824,10.16628373110209,2018.0,9.0
825,10.182566304129754,2018.0,10.0
826,10.193134596652056,2018.0,11.0
827,10.207545133497739,2018.0,12.0
828,10.209317467510155,2019.0,1.0
829,10.219627948263403,2019.0,2.0
830,10.223737817238984,2019.0,3.0
831,10.234875220519365,2019.0,4.0
832,10.227301314271969,2019.0,5.0
833,10.203082561987294,2019.0,6.0
834,10.193094570883169,2019.0,7.0
835,10.184657499516934,2019.0,8.0
836,10.18066759492844,2019.0,9.0
837,10.187200820941463,2019.0,10.0
838,10.190902535798612,2019.0,11.0
839,10.212264197919723,2019.0,12.0
840,10.227622673011021,2020.0,1.0
841,10.230532465068611,2020.0,2.0
842,10.247342799660073,2020.0,3.0
843,10.248993657263789,2020.0,4.0
844,10.23498577391445,2020.0,5.0
845,10.214857578346619,2020.0,6.0
846,10.197170525499425,2020.0,7.0
847,10.174179096607688,2020.0,8.0
848,10.185757323521456,2020.0,9.0
849,10.209030677624574,2020.0,10.0
850,10.205981736256653,2020.0,11.0
851,10.215966095792545,2020.0,12.0
852,10.235992817596896,2021.0,1.0
853,10.248565645363286,2021.0,2.0
854,10.247590770533362,2021.0,3.0
855,10.254488183589936,2021.0,4.0
856,10.244692048323005,2021.0,5.0
857,10.23791351934546,2021.0,6.0
858,10.223313223515095,2021.0,7.0
859,10.1972783366944,2021.0,8.0
860,10.19782403449592,2021.0,9.0
861,10.208454296669556,2021.0,10.0
862,10.216055791380322,2021.0,11.0
863,10.223555764096687,2021.0,12.0
864,10.238776064862353,2022.0,1.0
865,10.243009468193282,2022.0,2.0
866,10.253633769804374,2022.0,3.0
867,10.252710567381385,2022.0,4.0
868,10.251751331398502,2022.0,5.0
869,10.24411716658625,2022.0,6.0
870,10.222278045736108,2022.0,7.0
871,10.232382205354439,2022.0,8.0
872,10.229117576977329,2022.0,9.0
873,10.226477506133145,2022.0,10.0
874,10.23703513022993,2022.0,11.0
875,10.23947688195647,2022.0,12.0
876,10.238958519584841,2023.0,1.0
877,10.257238915612396,2023.0,2.0
878,10.271342310144044,2023.0,3.0
879,10.28836409401521,2023.0,4.0
880,10.271064589094392,2023.0,5.0
881,10.261832746100637,2023.0,6.0
882,10.246208065474802,2023.0,7.0
883,10.231540556908774,2023.0,8.0
